nome_arquivo,x_face,y_face,w_face,h_face,porcentagem_preto,max_preto_linha,preto_borda_superior,preto_borda_inferior,cores_pretas,cor1_media,cor2_media,cor3_media,texto_extraido,quantidade_palavras,proibido,plastificar
legiv_cnh_001.jpg,280.0,511.0,272.0,272.0,2.96,14.77,0.03,3.83,0,217.0,222.0,91.33,#adblscaffg FEBERÁTIVANDOBRAS 5E8a57458i8288na ps;8pes CARTEIRA PECTRANsITO MACIONAL DE HABILITAÇIO / DRIER LICENSE F PErMSO 2e 1 NOME E DE CON SOBRENOME- Sra. Sophia Oliveira HAB DATA LOCAL E UF DE NASCIMENTO 09/06/1955 Aparecida de Dias GO 4a DATA EMISSÃO 4b VALIDADE AC 23/02/2016 20/02/2026 4c DOC IDENTIDADE / ÓRG EMISSOR UF 80.610.876-8 DETRANSE 4d CPF 5 Nª REGISTRO 130.482.965-06 26232373872 NACIONALIDADE BRASILEIRO(A) ; FILUAÇAO Gabriel Albuquerque Olivia da Costa 1 Henry 5,72,0,0
legiv_cnh_002.jpg,291.0,561.0,299.0,299.0,4.13,13.12,0.0,11.92,0,220.0,215.67,153.0,"REPÚBLICÀFEDERÁTIVA DO BRASI MINSTERI@ Das IransPortese segretariasnaciona2 02 TRansIT@ CARTEIRA NACIONAL DE HABILITAÇÃO / DRIVER LICENSE | PERM 2e < NOME E SOBRENOVE St, Maro fa Bfo 3DATA LocaLeUfDENAsCwEnTo Leco ce € Matc 19/0e/1932 4 DATA ElSS0] 40 VALIDADE 15/04/2034 ue/04/2024 EASSOR  UF 4c Doc DEMTIDADE/ ÓRG Mecd VS 53,427,262-5 57 REGISTRo 4 08242595631 732.651,824-91 Zciohidade BRASILEIROLA) JoCo Lueos Fires 9 Cpf Flvcko",63,0,0
legiv_cnh_003.jpg,297.0,475.0,206.0,206.0,3.05,44.06,0.06,2.43,0,220.33,217.0,90.33,"RERÚBLICAFEDERÁTIVANDO BRASIZ Mrvis TERIS DOS TRAnSEXRTES } SECRETARLASNACIONASIDESTRaNsITO CARTEIRA NACIONAL DE HABILITAÇÁO / DRIVER LICENSE / PERMISO DE CONDUCCIÓN 2e1 NOME € SOBRENOME HABILITAÇAO Danilo Pereira  DATA, LOCAL € UF DE NASCIMENTO You 13/12/1953 Martins RR 4a DATA EMISSÃO 4b VALIDADE ACC 8 1349/2017DENTIDADE} ORG EMIS827 UF 57.737.477-3 IPF RR 4d CPF 5 Nª REGISTRO 9 CAT HAB Il 081.934.756-66 32780877948 NACIONALIDADE BRASILEIRO(A) 8 FILIAÇAO ; : Lorenzo Marques 2 Maria Alice Casa Grande p 3 Danilo_Oueia",77,0,0
legiv_cnh_004.jpg,287.0,469.0,226.0,226.0,1.48,41.02,0.06,1.3,0,221.33,217.67,90.33,"RERÚBLICAFEDERÁTIVANDO BRASIZ Mrvis TERIS DOS TRAnSEXRTES } SECRETARLASNACIONASIDESTRaNsITO CARTEIRA NACIONAL DE HABILITAÇÁO / DRIVER LICENSE / PERMISO DE CONDUCCIÓN 2e1 NOME E SOBRENOME HABILITAÇAO Sr. Joao Guilherme da Paz  DATA, LOCAL € UF DE NASCIMENTO You 03/04/1969 Moura das Flores 4a DATA EMISSÃO 4b VALIDADE ACC 8 26/10/2022 23/10/2032 Ac DOC IDENTIDADE / ÓRG EMISSOR UF 71.545.798-1 SSP AM 4d CPF 5 Nª REGISTRO 9 CAT HAB 745.281.039-23 09728181497 8 1 1 BRASILEIRO(A) FILIAÇAO ; Vitor Brito 2 Manuela Silveira p 3 Joao builhenme da Hugo Par",87,0,0
legiv_cnh_005.jpg,290.0,468.0,220.0,220.0,7.85,60.86,4.93,7.25,2,149.67,145.33,90.33,REPÚBLICAFEDERÁTIVA DO BRASI; MINISTÉRIO DoSSTRAnSPORTÉS 83 SECRETARIAsnAcionALYDESTRANSITO CARTEIRA NACIONAL DE HABILITAÇÃO / DRIVER LICENSE / PERMISO DE CONDUCCIÓN 2e1 NOME E SoBRENOME- HABILITACKO Yan Ferreirc J DATA [OCALEUFde NAScimento 16/04/1952 Fonseco de Barros Pe 4 DATA ElSSO 46 VALIDADE ACC 1 30/04/2020 22/04/2030 AcDOC IDENTIDADE/ ORG EvSSoR/ UF [49.725.546-6 Iep Ac ; AaCpf SNREGISTRo 9CAL HAB 310.428-596-88 43871920253 @ 1 BRASILEIROIA) flVcao ; Lorenzo da Costa 2 3 Agaihg Bibeiro p 3 Yan_Fonneina,73,0,0
legiv_cnh_006.jpg,291.0,475.0,212.0,212.0,3.86,27.58,2.73,3.41,0,223.33,220.67,160.0,"[REPÚBLICFFEDERATJUNO BRA8E siisnenig possthinseortes 25545taasnadion 23nsuo carteira NACIonAl DE HAGILITACÁO 'DRIVER UcENsE / PERMISO DE CONDUCCIÓN WvêE € SOBRENOME Auac Andre Dlas Zudata {Olef Vf D NaScMMENTO (2/41/1971 Freltos {0 C SDatA Ehtsse) 46 Vuoade 7C€ {02/12/2019 22/41/2029 D 4 ENc DENTIDAPE ; ORG EMsSOR {UF  923224 R_aeasir 7250,487.961-69 72246186523 #aCionalilaDe BRASILEIROIA) 1 (Gaar % P5 Moria Isis; Leao saadae Dias fªe ; SSP Poz",65,0,0
legiv_cnh_007.jpg,287.0,358.0,70.0,70.0,1.48,26.29,0.0,0.01,0,220.33,215.67,164.33,ValiDA Ev {odo oterritorio Mrciomal 2952662900 F2 2 1 16 H 1 1 1 8 2 3 9 7 11 | 1 5 4h1 2 3 2 { 1 2 { 1 1 Ke 1 1 ?,37,0,0
legiv_cnh_008.jpg,261.0,513.0,251.0,251.0,3.82,31.87,0.01,0.4,0,230.33,238.33,92.33,RERÚBLICAYFEDERÁTIVA DOªBRRSIL MINISTERI@ Dos THANSPORGES sECrETariafnACIMNAT DE TPÂnsITI CARTEIRA NACIONAL DE HABILITAÇÁO / DRIVER LICENSE / PERMIS 2e 1 NOME € SOBRENOME- Matheus Marques 3 DATA LOCAL E UF DE NASCIMENTO 06/10/1950 da Costa 4a DATA EMISSO 4b VALIDADE 26/11/2016 24/11/2026 Ac DOC IDENTIDADE / ORG EMISSOR UF 87.700.272-7 IPF SP 4d CPF 5 Nª REGISTRO 312.087.594-50 53646255629 NACIONALIDADE BRASILEIRO(A) FILUÇKO Apollo Oliveira Isabel da Mata 1,67,0,0
legiv_cnh_009.jpg,286.0,462.0,229.0,229.0,4.08,30.47,2.7,2.74,0,223.33,220.67,159.67,"BEPÚBLICAFEDERATIZ DO BRASIL 4isterig Uos (aAnSBoptE 5e9r5r4eliacigies5e 7Ransur8a CARTEIRA NACONAL DE HABILITAÇIO / DRIVER LICENSE / PERMISO De €onDucción Noreesorrenoke Luiz Gustavo Ciríno ,a nauoesueyebenssgiuevio {23/07/1916 fogoco 9ba74 Ekiiseo 88 Vaudaoe Gass2e2^ 11/03/2034 Scdoc identoadr {Oag Emissoriuf 83,872.331-8 SSP RN 1 1059,887.241-02 220853349086710 BCAT 4 MAEONPLIDADE CEASILEIROIA) ; 1 5t Icao Cobriel Toizairo Anionello Carnpos Yustaoe_Cvino 7201 Fu2ps",58,0,0
legiv_cnh_010.jpg,,,,,3.27,17.09,1.91,1.59,0,223.0,220.0,160.67,WLpA EW topg @ TERRTO;IONACMNAL) 2952662900 {: 3 1 | 8 ! 8 1 6 Ii 6 1 g 1 8 5 8 8 ? 1 ; 1 8 1| %k | 2 @ 1,35,0,0
legiv_cnh_011.jpg,,,,,5.73,26.29,3.27,1.41,0,204.0,170.0,200.67,"2 11 g 5 5 8 2 1/ 5 8 1 @ 1 9 ! 1 & 1 8 [g ; 8 | 1 1 M 9 4 9 4 8; | 8 1 H 8/ ; 8 | 1 ' 1; ; - | 1l W 1 ] 8 1l ; / "" g 8 0068997967 L7vnoi?vn oiào4lddhx%õ9oÇwª vai7va g",61,0,0
legiv_cnh_012.jpg,,,,,1.97,24.42,0.01,0.13,0,220.0,216.67,153.33,VALIDA EM ToDolo TERRITORIO NACIONAL; 2952662900 8 8 ^ 7 {  P 8 1 M 1 1 1 1 8 H 8 76 6 8 ni 8 8 1 1 8k 5 2 | 8 3 8 1 7| 8 88 8 84 Ke 5 1 = 8 ; Je F,51,0,0
legiv_cnh_013.jpg,292.0,475.0,218.0,218.0,2.95,28.75,1.95,2.4,0,223.0,220.33,160.33,"RERUBEICA FEDERÁTAD@*BRAsII #astErig Bosstianiseonis SEcRetarlsaagionalioEnannnsITS CARTEIRA NACIONAL DE HABILFTAÇHO } DRIVER LICENSE / PERMISO DE CONDUCCIÓN NOME € SOBRENOME tahaeilitaçao Maria Clara Montenegro ~3DATA;LOCAL EUF DE Nascwento {03/08/1980 Borges 42 DaTa EMisso Ab VAlidADE ACC {20/04/2023 17/04/2933 #CDOCDeNTIDADE  ORG EMiSSOR/ UF 53.917.515-9 SSP 1 4o CPf 5 N' REGISTRO gcat HaB 931.607.285-95 89009113308 NACIONALIDADE BRASILEIRO(A) 1 Sr: Couç Porio 1 Jade Yargos Montsmexs (2e, Clana Tlani",66,0,0
legiv_cnh_014.jpg,112.0,430.0,29.0,29.0,4.0,17.42,1.98,2.65,0,223.0,220.67,160.0,8 1 1 1 1 8 | 8 38 1 1 7 H 1 0063993567 Lyeoiounowo Enlâdotnavanvf 2,18,0,0
legiv_cnh_015.jpg,294.0,466.0,215.0,215.0,6.04,37.58,3.96,4.87,0,158.0,154.67,217.0,"BEPUBLICAFEOERATIA DosB{ASI Aarerigto?$ saou7es 95905240144042801582{awsir8 CARTEIRA NACIONAE DÉ HAPIUTAC4O  DRNNER EICENSE ? PERMISO DE CONDucclóx 3925SoRaeeci {2e: 12rcorc25s 5h7 Wsoes E2is52 tra8 53272756 1472oaoe L14a 02 atosg D 9 CCoOEN Daoe,ong EuxggoR 50397,82678 705ce5 Raoae 1 E22 20155538858 Hcaoaoe GMSILERO) 1 27o 8 Liaxxbencahes C",45,0,0
legiv_cnh_016.jpg,282.0,459.0,239.0,239.0,3.57,29.69,2.4,2.57,0,223.0,220.33,160.33,BERÚBLICAFEDERREVANã@BRASI Musterio Des TiAnsEoRTES Seeretazia NacicudgaRanislta CARTEIRA NACIONAL DE HABHITAÇiO / DrIER LicenSE / peRMISO DE CONDuCCIÓn 28 NMEE SOSRFNONE Valentina Nogusira a3unta;logal Suede Nascineni@ {04/+1/1968 Moreira de Lima PB (E40RTA EMassio 40;VALIDADE AcC {20/95/2023 11/98/2933 Peee D cOoC{Dentidads 688 EMISSOR T UF 16.778 #â1-8 Pf RR 1 [082107.838-96 964144320845TRo #CAT HAD 'NaCiomarilaoe BRASILEIROIA) 1 Ztandro Andrado 1 Morio Julio Vasconcelos Salntina Yegus 4,64,0,0
legiv_cnh_017.jpg,271.0,382.0,286.0,286.0,3.08,20.7,0.02,0.34,0,236.33,232.0,159.67,REROBLICAFEDERATIVA DO BWAS4L aniniS{ÉFI9 dos {44155848548 sECREradia 7ACi8NA= NACIONAL DE HABILITAÇÃO / DRIVER LICENSE / PERMISO DE CARTEIRA 2e 1 NOME E SOBRENOME Giovanna Rodrigues 3 DATA LOCALEUF DE NASCIMENTO 27/01 /2000 Moraes 48 DATA EMISSAO Ab VALIDADE 14/07 /2033 17 /07 /2023 4C DOC IDENTIDADE / ÓRG EMISSOR UF 11.458.758-5 PC SE 4d CPF 5 Nª REGISTR 30021394199 170.543.962-43 NACIONALIDADE BRASILEIRO(A) FILUAÇao Rodrigo Fogaca Sabrina Leao 1,68,0,0
legiv_cnh_018.jpg,282.0,462.0,236.0,236.0,2.8,43.2,0.06,3.15,0,222.0,217.33,153.33,"RERÚBLICAFEDERÁTIVANDO BRASIZ Mrvis TERIS DOS TRAnSEXRTES } SECRETARLASNACIONASIDESTRaNsITO CARTEIRA NACIONAL DE HABILITAÇÁO / DRIVER LICENSE / PERMISO DE CONDUCCIÓN 2e1 NOME € SOBRENOME HABILITAÇAO Igor Dias  DATA, LOCAL € UF DE NASCIMENTO You 24/08/1979 Machado MS 4a DATA EMISSÃO 4b VALIDADE ACC 8 18/04/2017 16/04/2027 Ac DOC IDENTIDADE / ÓRG EMISSOR UF 42.230.966-6 IIRGD 4d CPF 5 Nª REGISTRO 9 CAT HAB Il 968.532.107-86 73383025795 NACIONALIDADE BRASILEIRO(A) 8 FILIAÇAO ; : Gustavo da Luz 2 Ayla Nunes p 3 Dias Jaou",81,0,0
legiv_cnh_019.jpg,,,,,1.83,12.81,0.72,0.04,0,221.33,217.67,90.33,"; 11 g 8 5 8 1 2 1 19 8i 1 I1 9 = "" 8 @ 8 1 8 2 1 1 1 8 0 1 8 | 1 9 } 9 4 Ju 8 1 M1 81 8 1 ; H W 1 1 9 p] 1 [ "" ; 2 0067997967 Lwnoi?vn oià04188010õ9o7w? vainva",58,0,0
legiv_cnh_020.jpg,290.0,471.0,215.0,215.0,1.22,17.73,0.31,0.72,0,229.33,228.33,233.67,"BEROBEICAFEDERATIUA DOBRAST 4tuist55io bbos tPansEories 85955143naci9AsPEinansiro carTEIRA NACIONAL DE HABILITAÇ4O / DRIVER LICENSE / PERMISO DE COnDUCcIÓn 2e 1 NOME € SOBRENOME MABiLTTACAo Henry Gabriel da Rosa 3 DaTaLOCALCUFDE NASCMENtO 08/11/1958 Macedo do Campo DF 4a DATA EMiSSO 4b VALIDADE Acc 9 {22/07/2023 19/07/2033 4c DOC iDENTIDADE ORG EMISSOR / UF 84.984.889-2 SSP CE 4u CPf 57"" REGISTRO 9 CAT HAB { 724.863,019-50 77092574376 NACIONALIDADE 1 BRASIL EIROIA) Leonardo Abreu   Agatha Campos 1 Haliel da (osa Henn",77,0,0
legiv_cnh_021.jpg,295.0,380.0,108.0,108.0,7.05,46.33,2.38,2.56,1,158.67,154.0,90.0,"2952662900 F: 1 1k 1 M 1 1 { 8 1 9e 8 #  n 1 8 8 1 1 { 3 | J 7 In 4 @ 7 2 8i 6 1 "" 5 1 2 1 { 1 0",41,0,0
legiv_cnh_022.jpg,285.0,469.0,228.0,228.0,13.6,47.42,11.85,10.9,0,155.0,151.67,94.67,"EBERUBAcaFEDERÁTIVA DO BRASI s 1531 Psees secreterta Nadhonlos o5a7 CRTEIR{ NACIONAZ DeHaGHITAÇAO / DRiERZICENSE / PeRMiSO DE CONDUCcIoN lyeesoerenone e [Z Griao 9etooer 0241973 20 32567 Uunaos 8 (2az2820e 82 nha2o1 == EMsSo JD 27,+54,52446 Vocep HrEGiTt 23584437 415787210887 1 0u5RGS { PRASILEROIA) 1 52 obnCils",46,0,0
legiv_cnh_023.jpg,,,,,3.13,11.48,0.09,1.15,0,215.0,212.33,162.33,( êjupooapo Dhicby 2 oyioaico onbyueh J8p9 Q7oy ; (yjo4l3 ISVe gvmoa 2 LLZSS {97805 66-650*715*+49 h1n25 08isoay N 5 Uoar Ya dSs 9-281'6z5€1 9 '0!HOSSW? 9H0'JavMnnO 00a3  5507/30751 ` {20z/20721) UYQIiva Csssiayivo  30 SDP S9DaoN 700z/60/904 @Mn)Syn 30 Jn3 iv9o1 VIvot _ p19193 ONSUgoS 3 SiCN ! 32 sDJpPà Aaod,51,0,0
legiv_cnh_024.jpg,290.0,465.0,223.0,223.0,3.66,28.2,2.77,3.39,0,223.33,220.33,159.67,[REPOBLICA FEDERATIVANDO BRASL Jersterig costtaaiosyoate sEsRsradiaingiouasioesrdnsirg CAKTEIRA NACONAL DE HABILTACÃO / DRIVER LCENSE / PERMISO DE CONDUCCIÓA Rome E SobrenoMe JoaosCirino Pinta Local E fdCnasenfato {as/04/1984 Freitas da Praía 4uVUdads Crzz_o 99 /68/2034 4c BUC DENTitADE ORC EMiSSORT %/ E22_ DETRANRS 1 {737628.804-53 616271R56345TRO 8 CAT ti4 RACORADE {BARASILEIRDIA) 1 Lieo 43045 1 Eduordo Ardrade Qoao Cinine 72e,58,0,0
legiv_cnh_025.jpg,758.0,178.0,274.0,274.0,1.08,17.5,0.39,0.0,0,239.67,236.33,151.33,"ovbowpuol ""0%20 SBABN SDP Kudydeis ; f Dyun) DP 0/u08 ; Oysvi7I4 8 6 (vJoaiztsvag JOVOIIVNOIOVN 8vH 1v) 6 081S9201966912 {7-9l805vp167 9l WV dy1 {-ltS*Z8z*04 H0 HoSSIW3 '9HQ/ HOVOIIN3OI OOO ? v4oz/70/81 vzoz/zo/iz p OoV BOVaI7VA 9v OxSSIW3 YIVO e v8 eJbelv OUDISSD) {661 /so/ OINHWIJSVN H0 J0 3 7V901 'VIVO € obeupluow qe/D3 OYJVLI7IBVH , HWONSYBOS 3 3WON L az NOIDIOONO) J0 oS/WH3d / 3SN3DI7 HJAlH0 / OvÓYZIIIªYH J0 TFNOIDYN YYIJIYY) o4isyvyLEa 7vvoSvNiEVi3a53s saiy@svya asogiguErsiNIW 7isvygxoounlVuiazvoi7anana PJoA",78,0,0
legiv_cnh_026.jpg,283.0,460.0,233.0,233.0,2.29,39.92,0.06,2.49,0,220.33,217.67,164.67,"RERÚBLICAFEDERÁTIVANDO BRASIZ Mrvis TERIS DOS TRAnSEXRTES } SECRETARLASNACIONASIDESTRaNsITO CARTEIRA NACIONAL DE HABILITAÇÁO / DRIVER LICENSE / PERMISO DE CONDUCCIÓN 2e1 NOME € SOBRENOME HABILITAÇAO Yago Costela  DATA, LOCAL € UF DE NASCIMENTO You 11/12/1954 Vargas do Campo PE 4a DATA EMISSÃO 4b VALIDADE ACC 8 26/05/2021 24/05/2031 Ac DOC IDENTIDADE / ÓRG EMISSOR UF 60.942.728-2 IFP RO 4d CPF 5 Nª REGISTRO 9 CAT HAB Il 679.842.103-22 22695091041 NACIONALIDADE BRASILEIRO(A) 8 FILIAÇAO ; : Sr. Luiz Miguel Cavalcanti 2 Melina Pires p 3 Hago_Costola",84,0,0
legiv_cnh_027.jpg,835.0,294.0,234.0,234.0,4.72,14.53,0.0,0.0,0,215.67,220.0,155.0,"Duun) CP 02in] Ojy Oscod) Uoueb (7ogiz7IsYàe 1z7tzy5e89 22)  J3907 1F26 OyS 932YS 53 ess 8-S650iz[S 'ªn/8oSsm3 DH0 /ZQ1QYNEO 9009 GiOZFOIz 207/oT 3OFYA 9 0ss eYiyoy Ooy Ques % 8087 700z/70/80 OINEOSYN 30*0 371001 YiOE CS acoceu EWONEYGOS = Snon !az Oyoyvneyh , OD)OONO) J0 OSIA*Jd / JSNDDI7 YJA/*O / OPOYIIHªYH J0 INODI YlJIYH) üüisüvuissaiivv9i5v7ii5Y25gos saisoasuyasssoa Gigfrsinin r rua Hasoryen Oysn1y-",61,0,0
legiv_cnh_028.jpg,287.0,465.0,230.0,230.0,2.62,28.59,0.87,2.6,0,226.67,225.0,231.67,"REROBLICAFEDERATIANMO BRASI S4st5rl% 58=7HanisoRn2s SECRETAMLAEACIONASIPE TRMSIT CARTEIRA NACIONAL DE HABILITAÇÁO / DRIVER LICENSE / PERMISO DE CONDUCCIÓn { 2€ 1 NOME € SOBRENOME  HABILlTaÇho Anthony Viana JDaTA LOCAL €ufdenascimento {03/11/1964 Viana da Prata 48 Data Emssio Ab VALIDADE ACC 9 30/07/2023 27/07/2033 4c DOC IDENTIDADE DRG EMISSOR 53.437.720-2 IIRGD PE af CPF 5Nª REGISTRO CAT HAB { 268.310.749-87 62956623202 MACIONALIDADE 1 BRASIL EIRQIA) Kaique Ferreira , Srta. Mariana Pereiro 0 Anthon_Viono",71,0,0
legiv_cnh_029.jpg,300.0,554.0,271.0,271.0,4.52,28.98,0.02,4.01,1,217.0,221.33,167.0,RERUBLICAFEDERÁTIVANMOBRASIZ MiNIsTÉRI% Dos TRAWNSPORTES SeCrEtasiAf NACONAD DEYGRÂMsITo CARTEIRA NACIONAL DE HABILITAÇÃO / DRIVER LICENSE | PERMISO DE @ 2e 1 NOME € SOBRENOME Lavinia Borges 3 DATA LOCAL € UF DE NASCIMENTO 09/04/2005 Peixoto de Minas SE 4a DATA EMISSAO 4b VALIDADE 26/12/2018 23/12/2028 Ac DOC IDENTIDADE / ÓRG EMISSOR UF 88.805.478-3 DETRANDF 4d CPF 5 Nª REGISTRO 798.412.635-64 63101834573 NACIONALIDADE BRASILEIRO(A) FILIAÇAO Sr. Murilo Barros 1,67,0,0
legiv_cnh_030.jpg,779.0,292.0,200.0,200.0,2.13,40.62,1.32,0.06,0,217.33,221.67,162.67,"C ~P ~woy oJeq1à euiloJDo ;[ DJePIDJ lenudwg Oy3vi74 ;l : (vJoaizusvag JOVOIIVNOIOVN Ot8ZL8tOOSS ZO-8v7' L96*S0l 8 1 OVH 1vJ 6 OYLSIS3Y oN $ Jd3 P+ ONVYL3O 6-{8t'519'tt 2 H0 osSIW3 'OHQ/ HOVOIIN3OI OOa ? LZOZ/60/50 1ioz/60/s0 , OoV BOVaI7VA 9v OySSIW3 VIVO B 9W SDIQ 1461/{0/8z OINHWIOSVN 30 n 3 7vJo7 'VIVO € ZDd DP DUDIV DJS OYJVLI7IBVH , HWONSYBOS 3 3WON La2 NOID)OONO) 10 OSIWYId / 1SN72I7 u7Al80 / OvÓYLIIIHFH J0 7YNOIDYN YIJIXH) o1iswvuraaiivvgi;vnvigvzna3as sazàqusnansoa @L4É4s1NiW isvia oa nLVHiMaoi7anda {od Dg",83,0,0
legiv_cnh_031.jpg,,,,,2.44,13.91,0.84,3.32,0,222.33,220.33,223.0,1 H 9 2 8 1 11 1 | 1 ; 1 1 8 | X8 { 8 14 { W 1 ] 0 1 3 ! 1,28,0,0
legiv_cnh_032.jpg,125.0,639.0,51.0,51.0,2.8,21.25,0.52,3.64,0,217.33,220.33,164.33,11 g 8 5 # 2 18 5 : 9 1 9 2 1 4 % 1 9 8 8 ; ; 2 1 1 1 H 1 ; M 1 g UuE 4 4/ 1 ; ' 1 6 1 8 1 1 @ 1 9 1 9 W [ 5 8 ;,54,0,0
legiv_cnh_033.jpg,285.0,463.0,228.0,228.0,2.42,41.48,0.06,2.38,0,222.0,217.67,90.33,"RERÚBLICAFEDERÁTIVANDO BRASIZ Mrvis TERIS DOS TRAnSEXRTES } SECRETARLASNACIONASIDESTRaNsITO CARTEIRA NACIONAL DE HABILITAÇÁO / DRIVER LICENSE / PERMISO DE CONDUCCIÓN 2e1 NOME E SOBRENOME HABILITAÇAO Luana Mendes  DATA, LOCAL € UF DE NASCIMENTO You 22/09/1950 Guerra de Teixeira MA 4a DATA EMISSÃO 4b VALIDADE ACC 8 01/11/2021 30/10/2031 Ac DOC IDENTIDADE / ÓRG EMISSOR UF 88.681.834-4 SSP AM 4d CPF 5 Nª REGISTRO 9 CAT HAB Il 7058402s8-0A05 00767131655 BRASILEIRO(A) 8 FILIAÇAO ; : Samuel Cirino 2 Maria Flor Ribeiro p 3 Quana_Ilendes",82,0,0
legiv_cnh_034.jpg,986.0,622.0,70.0,70.0,3.06,38.12,0.73,0.0,0,220.67,216.67,154.0,"7@u Fop ~fru Ouod BUdudn ; [ Sadjoh0341 0y54714 2 ; (voaiztsvae JayaIVNOIOYN 67025262592 09-690*SZ{ 187 g 1 ayH 1yo 6 Ou1SIO38Ns Jd3 PY J07d130 9~Sys ZzS{S 2 4n/ voSSIw3 Ouo/3OYOLN3OI OO03 9707/60/51 9i07/60/27 1 9oy 3ovaiVA 9y OySSIM3 YIYO "" naj97 1S61 /zo/{z OINJYIIOSYN 30an3 7yo01 YIVO € Saaan {DD Oiunn Oyovvitiayh , EWONHy8Os 3 HWON ! 32 NOIDDOCNO) 10 OSIWYId / 1SN72I7 *7A*0 / OvÓYLIIIYYH 30 INOIYN YNlJIYY) o4isuyyhEa iVvoiovnviüinzsas saiyoasntasxsoa Gid ursiNIW svaa oa VnIVHE@Md Voiianaag",79,0,0
legiv_cnh_035.jpg,,,,,3.75,16.21,2.34,1.81,0,223.0,220.33,160.33,"VeydaenOdoio TTERRTORo NACIONAL ) 2952662900 ne { 7 1 11 | 8 8  1 9 g 1 8 I 82 | : 1 g 7 %  6 2 | """,30,0,0
legiv_cnh_036.jpg,,,,,2.57,26.62,0.35,0.0,0,220.0,215.67,153.0,1 ; { 5 1 2 1 Wu 2 1 0 1 4 ; 1 2 5 3 | | 9 5 ! < 1 M 2 8 1 { 11 4 1l { II 1 1 1 98 3 1 # M 1 4 4 0 5 1 1 0067993967 Tiois @ oidoinnan @o odoriarrà,56,0,0
legiv_cnh_037.jpg,284.0,459.0,234.0,234.0,3.79,51.8,1.09,3.11,0,170.67,170.67,199.0,"RERÚBLICAFEDERÁTIVAN DO BRASIZ MINiSTÉRIC DoS TRANSPCRTES 38 SECRETARLASNACIONASIDESTRaNsITO CARTEIRA NACIONAL DE HABILITAÇÁO / DRIVER LICENSE / PERMISO DE CONDUCCIÓN 2e1 NOME E SOBRENOME HABILITAÇAO Stephany Siqueira 3 DATA, LOCAL € UF DE NASCIMENTO Vou 30/12/1950 Costa Paulista 4a DATA EMISSÃO 4b VALIDADE ACC 8 08/09/2016 06 /09/2026 Ac DOC IDENTIDADE / ÓRG EMISSOR UF 58.965.298-4 IPF PE 4d CPF 5 Nª REGISTRO 9 CAT HAB Il 520.738.964-56 72003250636 NACIONALIDADE BRASILEIRO(A) 8 FILIAÇAO ; ; Davi Luiz Cavalcante 2 Stephany da Luz p 8 Stephamy_Siqueina_",84,0,0
legiv_cnh_038.jpg,289.0,489.0,269.0,269.0,3.15,23.2,0.02,0.49,0,218.33,215.67,90.67,RERUBLICAYFEDERÁTIVANDO BRASIL MinisTÉR4% Dos 9RaqS28R52S SECRETARTASACIGNAD 0E GRÂnsITO CARTEIRA NACIONAL DE HABILITAÇÁO / DRIVER LICENSE / PERMISO D 2 e NOME E SOBRENOME Maria Julia Barbosa DATA LOCAL € UF DE NASCIMENTO ES 25/11/1950 Rodrigues 4a DATA EMISSAO 4b VALIDADE 29/06/2018 26/06/2028 4C DOC IDENTIDADE / ÓRG EMISSOR UF 84.593.190-1 DETRAMA 4d CPF 5 Nª REGISTRO 217.596.308-02 47746350562 NACIONALIDADE 1 Vitor BRASILEIRO(A Monteiro Srta. Isadora da Luz 6,68,0,0
legiv_cnh_039.jpg,,,,,9.6,62.58,8.41,7.01,2,153.67,149.33,91.33,"4i9 PPvourd Soi@3uoosDa Diinf DUDW ;3 o4idad] ounj8 JS Oysvi7i4 ; (PJOxd77Siye ; SOLvOSLOEOO Ov-859*SL6*701 8 OvH '1vO6 Oy1SIS38 ,N $ dd) P 3d dSS {-""SS*656*06 2 Yn uoSSIW3 'Ouo/ HOVOIIN3OI OOa ? {20z/01/i5 {zoz/t/o 1 OoV 3ovaI7vA 9v OxSSIWJ VLVO "" SbJo1y SDP DsoqJD8 0S61 /10/1 [ OLNEWIOSVN 30 J0 3 7v901 'VLYO €_ DAIIS opJDuJje8 Oyovlitibvh , 'HWONSy8os 3 3WON ! 02 NOID)OONO) 10 osIWY3d / 7SN32I7 *3Al*0 / OVÓYLIIIªYH J0 7YNOIDYN YlJIYY) ouIswyunaa ivvoiovnsvigvisusas sai1uoasnuansog @iuM4SINIW usvyg @a UnlVHiaa Avoi7andag",83,0,0
legiv_cnh_040.jpg,250.0,503.0,299.0,299.0,2.54,36.95,0.0,1.59,0,214.67,219.33,91.67,RERÚBLICAIFEDERATIVA DOBRASIG MinisaÉRi% Dos GRANSBORTESy SECRETARiASnACIONAS 0e Transiro CARTEIRA NACIONAL DE HABILITAÇÁO DRIVER LICENSE / PERMISO 2e NOME € SOBRENOME Sra. Rebeca Almeido 3 DATA LOCAL€UF DE NASCIMENTO 12/11/1986 da Rosa 4a DATA EMISSO 4b VALIDADE 24/03/2021 22/03/2031 Ac DOC IDENTIDADE / ORG EMISSOR / UF 47.209.456-8 IFP BA 4d CPF 5 Nª REGISTRO 407.618.259-67 89708006329 NACIONALIDADE 1 BRASILEIROIA) Marcelo Fernandes Sra. Ana Julia Gomes,65,0,0
legiv_cnh_041.jpg,,,,,4.3,20.7,1.75,1.56,0,159.67,156.33,209.0,5 8 | Lh 0 | 1 à AN 1 { g 1 8 I 2 5 1 | 1 [ 0 0067998567 {,24,0,0
legiv_cnh_042.jpg,284.0,466.0,233.0,233.0,5.71,60.0,2.34,3.94,0,170.67,169.67,201.67,"RERÚBLICAFEDERÁTIVAN DOSBRASIZ MInIS TERIS DOSITRAnSPSRTES 31 SECRETARLASNACIONASIDESTRaNsITO CARTEIRA NACIONAL DE HABILITAÇÁO / DRIVER LICENSE / PERMISO DE CONDUCCIÓN 2e1 NOME E SOBRENOME HABILITAÇAO Luiz Fernando Camargo 3 DATA, LOCAL € UF DE NASCIMENTO Vou 08/02/1969 Abreu de Oliveira BA 4a DATA EMISSÃO 4b VALIDADE ACC 8 15/06 /2019 12/06/2029 Ac DOC IDENTIDADE / ÓRG EMISSOR UF 69.202.249-3 IPF RS 4d CPF 5 Nª REGISTRO 9 CAT HAB Il 347.086.925-10 99347831679 NACIONALIDADE BRASILEIRO(A) 8 FILIAÇAO ; ; Sr. Pietro Camara 2 Jade Barros p 8 Jennando Camango Juir",87,0,0
legiv_cnh_043.jpg,,,,,1.98,12.38,1.23,0.99,0,219.0,215.67,160.67,"TocTeocaC 2952662900 1 1 1 | "" ; 1 1 78 7s 1 Juge",14,0,0
legiv_cnh_044.jpg,239.0,531.0,280.0,280.0,3.73,38.28,0.01,0.55,0,245.0,237.67,167.67,@aaudecasueraiiuandorbrasiyi MiNIsTÉRIG Dos TRAWSPSRTES SECRETARIASNACHONAS DESTRÂNsITO carteira nacional De HABultAçio / DRIVER ZIcense | peRMISO DE Condu 2e 1 NOME € SOBRENOME HABILITAÇ Lorenzo da Cunha 3 DATA LOCAL € UF DE NASCIMENTO 30/05/1979 Ribeiro CE 40 DATA EMISSIO 4b VALIDADE ACC 03/11/2024 01/11/2034 4c DOC IDENTIDADE / ORG EMISSOR / UF 64.623.690-3 PC SE 4d CPF 5 Nª REGISTRO 9 CAT 374.291.560-61 92037439080 1 BRASIZEIRO(A) FILIAÇAO Daniel da Cruz,70,0,0
legiv_cnh_045.jpg,545.0,834.0,88.0,88.0,0.74,7.01,0.14,0.06,0,231.33,230.67,236.33,1 2 1 8 1 1 8 [ Hul H8 1 1 7 1 8 8 { 0063992567 2tpioconursaddarian,19,0,0
legiv_cnh_046.jpg,283.0,459.0,240.0,240.0,1.11,38.2,0.01,1.07,0,220.67,217.33,162.33,"RERÚBLICAFEDERÁTIVANDOSBRASIL MINISTÉRI% DoSSTRANSPGRfES 3 Secretaria NACIONASIDESTRÂNsITO CARTEIRA NACIONAL DE HABILITAÇÁO / DRIVER LICENSE / PERMISO DE CONDUCCIÓN 2e 1 NOME E SOBRENOME HABILITAÇAO Arthur Gabriel Fonseca 3 DATA LOCAL € UF DE NASCIMENTO 16/11/1950 da Rocha de Guerra ES 4a DATA EMISSAO 4b VALIDADE ACC 8 02/10/2023 29/09/2033 Ac DOC IDENTIDADE / ÓRG EMISSOR UF 33.344.592-5 DETRANCE 4d CPF 5 Nª REGISTRO 9 CAT HAB 346.750.928-29 11642314406 , 0 1 BRASILEIRO(A) FILUAÇAO ; Samuel Lima Yasmin Costela 1 3 Msthun Yabiel Jonseca",82,0,0
legiv_cnh_047.jpg,,,,,2.31,22.45,0.28,0.0,0,216.0,217.0,154.67,11 g 8 9 1 1 1 Hx 1 2 | 0 4 < 8 | 6 2 ; 2 1 89 1 1 | 1 { 0 81 9 { 9l 1 | 1K 1 1 ; ! 5 H ª 1 @ | 1 ~ 1 00 6 :,51,0,0
legiv_cnh_048.jpg,230.0,452.0,283.0,283.0,0.56,4.77,0.0,0.05,0,227.67,233.67,156.0,s l RERUBLICA {obos transg9res anafsarrio288ny BESTRÂNSIT% seCretaria HABILITAÇAO / DRIVER LICENSE / PERMISO DE CONE CARTEIRA NACIONAL DE 1' HABIL 2e1 NOME E SOBRENOME Luan Campos J DATA LOCAL E UF DE NASCIMENTO PB 23/10/1983 Carvalho de Minos EMISSAO 4b VALIDADE ACC 4a DATA 02/07/2023 29/06/2033 4c DOC IDENTIDADE / ÓRG EMISSOR UF 90.916.851-3 DETRANA 4d CPF 5 Nª REGISTRO 237.681.054-07 45513336312 NACIONALIDADE BRASILEIRO(A) 1 Thalos Çogueiro Maria Loura Azevedo,71,0,0
legiv_cnh_049.jpg,,,,,3.68,29.06,3.3,2.53,0,223.33,220.67,160.0,0 Hud?iAD) DiYàPs PaHlS edijey 0 22 1 S6rB{ [ozsiz {1-569*87S'Lv} 8611i6 94892K5 2425 3n LIMoSSIn !a  goi zaxqNNSO- aoait 0-Q222960 1 74oz7sofsz 7zuc/sofsz 0 Zuvonya 0> Ouswavivob Sobion {St6 /oz {Nawiocongoan37vo01 rqu€ spji4-YpJDS awonsgos 9 3ON ! 8z NGIDJOONO) 10 0sIWuà / 3SN3DIT H3Al80 / OPOvLI7YH 30 7NODYN Yaliixy) 01svusi5diiuve3y*9yi58353 S3hlaqaenas8protgansinur 7svg8*oaunnY7àsd totiengg,54,0,0
legiv_cnh_050.jpg,822.0,146.0,267.0,267.0,7.4,52.34,1.05,6.15,2,163.67,165.0,88.33,"Co [ DJloJed Dllenudn DUS Djjeng XJu3 Oy3v7y (voaiausvaa JOVOIIVNOIOVN {{8ZvL LE6LS LS- LEO'SLV*896 OUISI3y ,N $ 3d9 Pr WV Jdl 0-LS9*919*68 H0 yoSSIWa 9uo / HOVOILN30I Ooa ? 670z/11/{z 6102/11/9z OV aavaIVA Qf OySSIW3 VLVO B DUBWld 9ooz /vo/vl OLNHWIOSVN 30 J0 3 7y901 'VIVO € SBDAON JBAllO VH,l HWONSyHOs = HWON La2 ))J0 0SIWyId / 3SNJDI7 HJA*Q / OYÓvIIIIEYH J0 WNOIDYN YNlJIYV) oüisiiyrsaiivioiavuivigvzausas saiuoasnuan soa 01 4uisiniw 7isvug od EhILHEEn24 Hars 0 6",75,0,0
legiv_cnh_051.jpg,286.0,468.0,229.0,229.0,1.15,15.16,0.01,0.59,0,221.0,216.67,165.0,RERÚBLICAYFEDERATIVANDONBRASIZ MivnstÉRIÓ Dos RANS28Ru2s SECREtaRLAINACUONAYS DESTRaNsITO CARTEIRA NACIONAL DE HABILITAÇiO / DRIVER LICENSE / PERMISO DE CONDUCCIÓN 201 NOME € SOBRENOME HABILITAÇAO Manuella Macedo J DATA LOCAL E UF DE NASCIMENTO 02/06/1951 da Concelcao de Golas AC DATA EMISSIO 4b VALIDADE ACC 8 26/04/2016 24/04/2026 Ac DOC IDENTIDADE / ORG EMISSOR UF 88.820.169-9 IFP MA 4d CPF 5 Nª REGISTRO 9 CAT HAB Il 841.037.625-35 09252316746 NACIONALIDADE BRASILEIRO(A) FiluÇao ; ; Dr. Enrico Costa 2 Jade Campos p 3 Qlanuella_M^lacedo,80,0,0
legiv_cnh_052.jpg,242.0,528.0,300.0,300.0,1.24,12.97,0.02,0.6,0,217.67,223.33,157.67,RERUBLICAIFEDERATIVAN DO BRASIL MINISTÉRI% Dos TRANSPORTES SECrEtaria NACIONALIDESTRANsITO CARTEIRA naCIONAL DE HABILTAçIO / DRIVER LIcense / PERMISO DE CONDUCCIC 2e1 NOME €E SOBRENOME- 1' HABILITAÇAo Bruna da Mota J DATA LOCAL € UF DE NASCIMENTO 17/07/1962 Cirino das Flores MS 4a DATA EMISSIO 4b VALIDADE ACC 18/03/2024 16/03/2034 1 4c DOC IDENTIDADE / ÓRG EMISSOR UF 16.250.842-8 IPF MA 5 Nª REGISTRO 9 CAT HAB 4d CPF ; 709.341.568-75 25957609403 NACIONALIDADE 1 9 1 BRASILEIROW) 3 Luigi Melo Maria Isis Silva,81,0,0
legiv_cnh_053.jpg,284.0,462.0,231.0,231.0,0.11,7.19,0.0,1.09,0,247.67,228.33,160.33,"RERUBAICAFEDERATANMq""AASI Wuseavoooseoaes sEcRetaglasnaGONNS pEtaAnslTO CARTEIRA NACIONAL DE HABILTAÇiO  DRILER LICENSE / PERMISO DE cONDUCCIÓN 2etnoveesoerenove 4*HABILAACAo Den Sive JlAiA loaleufdeNascinenio 2nchnest Cemuhes d Minos DATA EMeso 46 VAMDADE ACC ce/ce/2o o/oe/2027 KsDOCdenaoADe ORG EUISSORIUF- 613827827 Deiramc 81 268.781.,182 73 378a9RGSTRo CAt hS MCONAMOADE BRASILEIROA) FCRO 8 Mettee 1 Refoele Yoauncee 9 8m_Silua Meun",53,0,0
legiv_cnh_054.jpg,283.0,461.0,235.0,235.0,0.61,15.23,0.01,1.97,0,221.0,216.67,157.67,"RERÚBLICAFEDERÁTIVANDO BRASIZ MinustÉRI% Dos TRAWSPORTEs SECretarlainacionay PESTRansito CARTEIRA NACIONAL DE HABILITAÇÁO / DRIVER LICENSE / PERMISO DE CONDUCCIÓN 20 1 NOME E SOBRENOME HABILITAÇAO Bonlo Borgos DATA LOCAL € UF DE NASCIMENTO 05/05/1978 Fornandos CE 40 DATA EMISSO Ab VALIDADE ACC 9 01/02/2022 30/01/2032 Ac DOC IDENTIDADE / ORG EMISSOR UF 98,676.271-2 PC RJ Ad CPF 5 Nª REGISTRO CAT HAB ; 932.186.504-70 02186044323 1 BRAISILEIRO(A) FILUÇAO ; : Raul Morolra 2 Marla Sophla Rozondo p 3 BBonto Bongen",79,0,0
legiv_cnh_055.jpg,290.0,472.0,218.0,218.0,0.33,7.89,0.0,0.09,0,221.0,219.0,159.67,RERÚBLICAFEDERÁTIVANDO BRASIZ MiNISTÉRIG DoS TRANSPRTES 3 SECRETARLASNACI@NASIDESTRaNsITO CARTEIRA NACIONAL DE HABILITAÇÁO / DRIVER LICENSE / PERMISO DE CONDUCCIÓN 2e1 NOME E SOBRENOME HABILITAÇAO Mariane Sampaio 3 DATA LOCAL € UF DE NASCIMENTO Yod 12/03/1981 Nunes AM 4a DATA EMISSIO 4b VALIDADE ACC 8 31/07/2016 29/07/2026 Ac DOC IDENTIDADE / ÓRG EMISSOR UF 37.250.204-3 SSP SC 4d CPF 5 Nª REGISTRO 9 CAT HAB 610.297.435-25 52724651001 0 1 1 BRASILEIRO(A) FILUÇAO ; Pedro Moura 2 Bella Carvalho p 3 Mlaniane_ Bampaio,80,0,0
legiv_cnh_056.jpg,262.0,57.0,26.0,26.0,5.43,19.72,4.51,3.02,0,220.0,216.33,158.67,{auoaev Tongsteauirdao Nacianan 2952662900 É: 9 3 1 | 8 5 98 1 1 1 5 ! 8 1 7 3 { |,23,0,0
legiv_cnh_057.jpg,,,,,3.84,37.57,0.4,0.0,0,209.33,205.33,158.0,1 ; ; 8 1 1 1 18 ; Lh 9 4 =  ! ; 2 2 | | 9 5 - 176 1 ; 1 1 1 { H1 9 8i # [ 6 1 H1 8I 1 H8 8 ! NL p 2 1 1 9 : 1 3 0067997967 1Moi?vn Oiuoaiduaxo @0ó7wa vaiiv 1,57,0,0
legiv_cnh_058.jpg,272.0,457.0,256.0,256.0,2.7,28.05,1.28,2.02,0,222.67,219.67,160.33,BERUBLICA FEMERAHUA BoBrASIL Sstraus Dastianssort28 Sstseraalstacion25E7Fanosito CHTEZA NCOSU DE HZLIACiO  024u WNE #RMS# @NitRUN 828  4082222563 Aoec 5le8 2095 2 2 @ 0 8 6 5oee4 Ss ; Ersaest 7852 @2 7255 Suls Prsarcces96 :,35,0,0
legiv_cnh_059.jpg,284.0,459.0,232.0,232.0,3.64,26.41,2.62,3.4,0,223.0,220.33,159.33,"RERUBGCA FELERATUA CG BRASIE 04st2ni2 3ost6as25075d SecretananconsDeqtuansue CARTFiRA MAOONAE DE HABI7CID  ERIERIKERSE PERMISO Dt cOnotcckin 8025 (2 2818 4""tin74 8222249102 C2 JD 41 86 C2 27 775 @eass @ssena 1 [mos Sco daCasta E22",34,0,0
legiv_cnh_060.jpg,286.0,363.0,76.0,76.0,1.94,15.12,0.04,0.72,0,220.67,217.33,160.67,"VALIDA EM ToDo o TERRITORIO NACIONAL / 2952662900 | g 2 { F, M 1 M 1 { 1 5 1 HI 9 0 8 g [ ; 5 8 1 | 8 2 ; 8 1 1 8 8 p ? 8 ª 7 8 5 3 1| [ 5 HHH 8ee % = 8 1 Je 1",59,0,0
legiv_cnh_061.jpg,293.0,470.0,217.0,217.0,0.3,11.17,0.0,1.4,0,241.67,236.33,151.33,"RERÚBLICAFEDERATIVANDO BRASIZ MiNISTÉRIG DoSSTRANSP8R""2S 32 SECRETARLASNACINASIDESTRaNsITO CARTEIRA NACIONAL DE HABILITAÇÁO / DRIVER LICENSE / PERMISO DE CONDUCCIÓN 2e 1 NOME € SOBRENOME HABILITAÇAO Juliana Alves 3 DATA LOCAL € UF DE NASCIMENTO Vou 28/06 /1988 Araujo MT 4a DATA EMISSÃO 4b VALIDADE ACC 9 01/04/2021 30/03/2031 Ac DOC IDENTIDADE / ÓRG EMISSOR / UF 43.372.383-9 SSP PE 4d CPF 5 Nª REGISTRO 9 CAT HAB 609.351.478-10 03466560610 1 NACIONALIDADE BRASILEIRO(A) 0 ; 1 Da Miguel d0 Costo Maria Isis Garcia 5 Juliama_Mlues_",82,0,0
legiv_cnh_062.jpg,272.0,456.0,274.0,274.0,1.8,6.88,1.89,0.5,0,214.67,212.0,161.0,"elanie magibign {(arsteri85os tearseor #Sesretania 0ac8ns9er8as5o carteira Nacional De HabilttaÇio _ drwer License | Perahiso DE ConDuC (2e7 NOMe 5SOBREXOME Emilly Duarte Cjuata tClal€ofDC Nascwetiig {3fo7/1973 Popiista CacATA Exssin 46 Vauinaoe Kve {12/01/2023 99/01/2932 1 Cs Doc IDENJinMpE , ORG Fmigsori0F 67 945;686-9 Jfe) PB Crzr ~5aREGISTRO 305 697,142~0ô 70094122378 1 ERASILERDA) Fruacfo Goel Corraia L Lelicia Garcia 7e5 Pimento",60,0,0
legiv_cnh_063.jpg,289.0,467.0,225.0,225.0,3.7,43.52,0.06,2.21,0,221.0,217.67,160.33,"RERÚBLICAFEDERÁTIVANDO BRASIZ Mrvis TERIS DOS TRAnSEXRTES } SECRETARLASNACIONASIDESTRaNsITO CARTEIRA NACIONAL DE HABILITAÇÁO / DRIVER LICENSE / PERMISO DE CONDUCCIÓN 2e1 NOME € SOBRENOME HABILITAÇAO Sarah Sousa  DATA, LOCAL € UF DE NASCIMENTO You 07/03/1953 Lima MA 4a DATA EMISSIO 4b VALIDADE ACC 8 20/06 /2020 18/06/2030 Ac DOC IDENTIDADE / ÓRG EMISSOR UF 32.994.486-6 IPF RO 4d CPF 5 Nª REGISTRO 9 CAT HAB 584.972.361-73 81925473248 8 1 1 BRASILEIRO(A) FILIAÇAO ; Dr Pedro Cunha 2 Alicia Ramos p 3 SSanah_Bousa",81,0,0
legiv_cnh_064.jpg,54.0,428.0,48.0,48.0,0.44,5.48,0.0,0.0,0,244.33,239.0,153.0,2 11 8 6 8 @ 1 HNK 6 1 9 8 4 8 8 8 5 9 8 1 | 1  H 1 ; 8 8 1 / 1 É 0 1 4 Jul g : 8 1 8 1 L @ 98 7 W ] 1 3 N 00 67 007 € @,55,0,0
legiv_cnh_065.jpg,292.0,470.0,218.0,218.0,6.44,54.45,4.04,6.11,0,205.33,202.33,166.33,"RERÚBLICAFEDERÁTIVAN DO BRASIZ MiniS TERIS DOSITRAnSPORTES 5 SECRETARLASNACIONASIDESTRaNsITO CARTEIRA NACIONAL DE HABILITAÇÁO / DRIVER LICENSE / PERMISO DE CONDUCCIÓN 2e1 NOME € SOBRENOME HABILITAÇAO Daniel Pacheco 3 DATA, LOCAL € UF DE NASCIMENTO You 21/01/1986 Camargo das Pedras MA 4a DATA EMISSÃO 4b VALIDADE ACC 8 08/12/2016 06/12/2026 Ac DOC IDENTIDADE / ÓRG EMISSOR UF 44.752.556-9 IFP SC 4d CPF 5 Nª REGISTRO 9 CAT HAB Il 137.589.026-30 25752087017 NACIONALIDADE BRASILEIRO(A) 8 FILIAÇAO ; ; Raul Camargo 2 Olivia Fernandes p 8 Janiol_Pacheco",83,0,0
legiv_cnh_066.jpg,293.0,471.0,211.0,211.0,3.48,38.12,1.62,2.24,0,222.67,220.0,162.0,BERUBLICA FEDERÁTIVANDOMERASI sterig DosstaaeEgrtes SERetaniaacionaLDETEansito CARTFIRA NACIONAL DE HARILITAÇIO / DRIVER LICENSE / PERMISO DE coNDUCCIÓn (2e: NOME E SOBRENOME HÂBiLfT#ÇMo Hsnrique Oliveira 03 DAA LOCAL € UF DE NaScimEnTo 18/03/1997 Moraes RO 48 DATA Emsso 4b VALIDADE AcC 8 11/06/2024 09/06/2034 ac DOC IENTIDADE ÓRG EMISSOR 39.257.505 IIRGD RO 48 CPF REGISTRS 9 CAT HAE 9 630.415.297-34 95397219988 HACJONALIDADE BRASILEIRO(A) Hlçao ; Dr Lorenzo Santos : Lunna Gomes ; Qliwusing Hennique,72,0,0
legiv_cnh_067.jpg,747.0,336.0,34.0,34.0,9.71,35.93,7.41,5.48,2,153.0,157.33,27.33,"VALIDA EM TODOOTERRITORIO NACIONAL; 2952662900 } ~ [ [ [ {é M 1 M { 1 p [ } 8 8 1 8 g 8  ; 1 % 1l | 1 | 1 8 ; 5 2 8 3 7 8 9 7 8 1 4 HHH 9  5 1 "" = 8 1 Je ; ; Í",58,0,0
legiv_cnh_068.jpg,239.0,566.0,225.0,225.0,2.67,10.78,1.66,5.17,0,215.33,212.67,161.33,"Aatster 0005 Voe Eaeecretaria nacionaly #nansutosm Cartehra Mcuom DeHabhzacho F oruer uucense / Permso de Cone NOMeL SObr aili Nogih Coluciro Cslsta LCCe} € VeoeHescinkyo {uosisis Sampple n0 Pvroíra MT BA7A Eisein 48 VaDAOF Al? Cxan 99/05/2034 Di NTIDAPE ; ORI T MIsSon /tF | racrp BA 61 PEGISTRO #Catiie 4/8036,875-75 19123506286 1 BRsu) rhuruo 08 (?e7 Ex 5 Moian} Cardoso",61,0,0
legiv_cnh_069.jpg,683.0,280.0,52.0,52.0,1.27,16.54,0.0,0.0,0,238.33,233.0,154.67,ValiDA CM frodoloyruAaitorio (Nciokaly 2952662900 8% 78 5 4 3 8 ' 8 | 1 9 1 8 #e 1,20,0,0
legiv_cnh_070.jpg,290.0,469.0,226.0,226.0,3.92,44.53,0.06,2.4,0,222.0,217.67,156.67,"RERÚBLICAFEDERÁTIVANDO BRASIZ Mrvis TERIS DOS TRAnSEXRTES } SECRETARLASNACIONASIDESTRaNsITO CARTEIRA NACIONAL DE HABILITAÇÁO / DRIVER LICENSE / PERMISO DE CONDUCCIÓN 2e1 NOME € SOBRENOME HABILITAÇAO Hellena Lima  DATA, LOCAL € UF DE NASCIMENTO You 06/08/1969 Moreira de Ribeiro ES 4a DATA EMISSIO 4b VALIDADE ACC 8 21/07/2023 18/07/2033 Ac DOC IDENTIDADE / ÓRG EMISSOR UF 22.830.648-7 PC SC 4d CPF 5 Nª REGISTRO 9 CAT HAB Il 205.371.849-88 69718621513 NACIONALIDADE BRASILEIRO(A) 8 FILIAÇAO ; : Enzo Gabriel Viana 2 Luiza das Neves p 3 Xeflona_Yima",84,0,0
legiv_cnh_071.jpg,295.0,477.0,209.0,209.0,3.88,46.02,0.06,1.3,0,222.0,217.33,148.0,"RERÚBLICAFEDERÁTIVANDO BRASIZ Mrvis TERIS DOS TRAnSEXRTES } SECRETARLASNACIONASIDESTRaNsITO CARTEIRA NACIONAL DE HABILITAÇÁO / DRIVER LICENSE / PERMISO DE CONDUCCIÓN 2e1 NOME E SOBRENOME HABILITAÇAO Sra. Lavinia da Paz  DATA, LOCAL € UF DE NASCIMENTO You 26/03/1989 da Mata GO 4a DATA EMISSÃO 4b VALIDADE ACC 8 29/10/2021 27/10/2031 Ac DOC IDENTIDADE / ÓRG EMISSOR UF 21.492.439-1 PC ES 4d CPF 5 Nª REGISTRO 9 CAT HAB Il 469.270.538-83 33684810754 NACIONALIDADE BRASILEIRO(A) 8 FILUÇAO ; : Bruno Pastor 2 Aurora Costa p 3 8na. Yauinia da Alegre Pax",87,0,0
legiv_cnh_072.jpg,,,,,4.55,32.2,1.48,0.15,1,230.33,224.33,87.67,11 g 8 5 2 1 2 1 1a 8i 1 I 9 = { 0 8 [g  8 1 1 1 0 8 ; 1 | 1  Hí 4 Jur 1 M1 :i ; - ; H W 9 9 ! 8 4 [ 3 : 8 0068997967 L7vnoi?vn 01u04188a10099(w? vaijva' [ 8,54,0,0
legiv_cnh_073.jpg,281.0,464.0,239.0,239.0,9.62,43.44,6.39,6.57,0,219.33,216.0,157.67,"JDERúeuiCA FEDERKTIN00 8RASI Dastervskoos Gaaseo oeg Be5a9taounaeied4e S5aaxsuohe CAPTEIRs NICIONa DEHABHITAÇHO ; DRIER UICENSE ! FERMISO DE CONDUCOoN None€sceReNoME {22i2 488 ZipaTA LoAlEuf OEnASc (25/05/1951 Albuquiergua 115574 E81545 04ValiDade Lstpe /2922  45/95/2630, D Soro40entiu38e/ GRà Sssoniu [46 480 95348 oarns [7ss1 , 35474 58052405386 A4 Lioare {ERASLLEROIA) 1 cxauoivaro Eloua-Dias Iil_Betuon Cox",52,0,0
legiv_cnh_074.jpg,260.0,501.0,273.0,273.0,0.28,2.81,0.0,0.15,0,216.67,221.67,153.33,"RePUBLICA FeDERATIVA Do BRASH Ministerioido s  TraNSPORIES Secretarianacionalndextrainsio CARTEIRA | MComal De Harhntagio F druver LuCense 7Permso de conducch MAlttacao 26 1 NOME€ SODRE NOME Lulz Fernando Azevedo DATA LOCAL € UF DE NasCime Nto 66 02/06/1067 Cosiro 4a DATA [Mistao ab VALIDADE ACC 60/0t/201 / 01/06/202/ 1 Ac DOC IoENTDADE /Ón6 F misbon U 80,674,060/ Jikob Kk Ad CPe NCaioistno CAi MiAl 842,087 601=40 66706522270 1 1 5 ; Dryon Darroe Isabelly  Almnelda",74,0,0
legiv_cnh_075.jpg,,,,,2.25,27.73,0.56,1.27,0,216.33,214.0,163.0,"L Didw DP Didio Dych 'DJS < Buona Oho 'JS Otoy1} (vloyigusvas {vOO626SL6S Aavco_vsoras*80  9y 42 5 SuasigzysN S 2d2 p"" dd 09a1 8-{Oy'ZI/'99 40 uossina 9H0/H(YQunJ0I 2002 8707/90/67 8107/90/10 0 3y 3avCvA 4f OysSWWa vivat+ 8d DJienÊoN Z861 /10/9z OINJWOSVNao #9.Jqi Lyo € Soldy a21iv 0y941/jig awonsy8os3 HWON ! ?2 NOID)OONO) 70 OSIWàd / 1SNI27 H7AI40 ! O!ÓvLJIIªFH J0 TNOIYN FUILYI) giisdrgisadiit79ayNi2v4as3es Hnsksandgas egssgaoants ni 7istuaooniiousoyuon18n250",67,0,0
legiv_cnh_076.jpg,,,,,3.42,22.23,1.78,1.15,0,223.0,219.67,160.33,{AgIDa CM{28005ERMi onto NdinHAl 2952662900 2 8 1 8 8 1 2 ! 2 | |,16,0,0
legiv_cnh_077.jpg,,,,,5.94,17.85,4.72,3.3,0,222.0,219.33,158.33,RalonEn gongoterhtokio MEun 2952662900 ; | 5 6 5 5 8 1,12,0,0
legiv_cnh_078.jpg,284.0,461.0,231.0,231.0,3.57,30.08,1.99,3.17,0,223.0,220.33,160.67,"BEROBLICAFEDERATIADO ERASI Mis rERio Dosrhnnsbonies SecretabialnACiE 5agIDESTPAnsITS CARTEIRA NACIONAL DE HABILITACAO DRIVER License / permiso DE conduccion 0et NOME € Sobrenohe HABitTesAG Luan Pinto Data LoCalEuf DeNascimento 05/07/1984 Alvas 4a DATrElss o 40 VAliOADE AÇC {13/05/2018 10/05/2028 1 42 DOC WDENTIDADE ! ORG EMISSOR UF 59,220.521-8 Iep DF 9uGPf 5n* RegistRo CAT | : [794588312-88705 35821732098 BRASILEIRO(A) Tiuco Dr Cassiano : sabella Fogaca 1 OPimnte 023 Leo Ruan_",68,0,0
legiv_cnh_079.jpg,,,,,0.49,4.05,0.04,0.0,0,211.0,207.0,159.33,"2 11 g 5 5 4 ª 9 1 1i 5 1 "" @ ; 9 8 8 8 8 8 # 1 1 1i 8 1 1 8 | 1 9 Jf 9 90 JK M1 :/ 5 { ; IU W ; 2 9 9 8 8 [ ~ , 1 0063997967 Lwvnoi?vn oià041*8610õ997w? vai7va ;",58,0,0
legiv_cnh_080.jpg,292.0,471.0,214.0,214.0,2.29,42.34,0.06,3.42,0,208.67,205.33,157.33,"RERÚBLICAFEDERÁTIVANDO BRASIZ MinIS TERIS DOS TRAnSPXRTES o SECRETARLASNACIONASIDESTRaNsITO CARTEIRA NACIONAL DE HABILITAÇÁO / DRIVER LICENSE / PERMISO DE CONDUCCIÓN 2e1 NOME E SOBRENOME HABILITAÇAO Jose Melo 3 DATA, LOCAL € UF DE NASCIMENTO You 21/04/1958 Camara da Mata SC 4a DATA EMISSÃO 4b VALIDADE ACC 8 03/09/2023 31/08/2033 Ac DOC IDENTIDADE / ÓRG EMISSOR UF 17.968.932-6 SSP AM 4d CPF 5 Nª REGISTRO 9 CAT HAB Il 907.823.146-78 26815708312 NACIONALIDADE BRASILEIRO(A) 8 FILIAÇAO ; : Dr. Henry da Mota 2 Esther Casa Grande p 3 Qose mlebo",87,0,0
legiv_cnh_081.jpg,289.0,466.0,221.0,221.0,4.69,38.36,2.86,4.01,0,225.0,222.33,232.33,"BERUBLICAFEDERATIAOBRRSI MStEriGboS TRAnSESRIES Secretariainacigyagde Taansiro CARTERA NACIONAL De HABILITAÇAO / DRIVER LICENSE / PERMISO DE CONDUCCIÓN 4201 NOME E SOBRENOME HagIÊhaceo Jose Oliveira CJOATA LOCAL Euf DENasCIMENTO {13/08/1964 Sales do Campo PR 48 DAJA EMss4o s6 Validade Acc 14/08/2024 12/08/2034 4cDOC-IDENTIDADE ! ÓRG EMSSOR/UF {40,917,155-0 DETRANRN Ad GPf 5 N"" REGisTRo 9 Cpt: Hax { 627.458.301-71 81415675186 MACIONALIDADE 1 Pedro @surn , ""Juliana Rodrigues Qoae_Bliueiaa",65,0,0
legiv_cnh_082.jpg,762.0,198.0,231.0,231.0,1.57,27.58,0.76,0.0,0,227.33,223.67,154.0,"C ovorg @ªnpPg 000 oloxied Dlle8 ; 3 seunN edyleJ Oyv17 ;l : (vJoaiztsvag JOVOIIVNOIOVN OVH 1VJ 6 ONLS80Z15806955 LL-501629*849 9l Jdl {-{Ev'008*85 H0 HoSSIW3 '9HQ/ HOVOIIN3OI OOO ? 050z/10/67 0zoz/zo/10 , oy BOVaI7VA 9v OySSIW3 VIVO e oiDduDS 8661/60/90 OINHWIOSVN 30 n 3 7vJo7 'VIVO € euDna lªUqDI oDof OVJVLI7IBVH , HWONSYBOS 3 3WON Laz NOID)OONO) 10 OSIWY3d / 1SN72I7 Y7Al80 / OvÓYLIIIHYH J0 TYNOIDYN YIJIXH) o4IsyyyLs39uivv@ivnivigvinasas saiu@vya a sogiguErsiNIW isvyg oa inLVYiidAVoi7andag",74,0,0
legiv_cnh_083.jpg,,,,,1.99,15.88,0.75,0.85,0,222.0,219.67,161.67,{@E Evgopoo tEnRiroRiO Icioul 2952662900 1; 1 I 1 1 : 1 2 : 1 g 1 5 5 1 1,21,0,0
legiv_cnh_084.jpg,289.0,464.0,227.0,227.0,6.27,60.7,4.11,5.77,0,205.33,202.0,169.33,"RERÚBLICAFEDERÁTIVAN DO BRASIZ MiNiSTÉRT% DoS TRANSPCRTES D SECRETARLASNACIONASIDESTRaNsITO CARTEIRA NACIONAL DE HABILITAÇÁO / DRIVER LICENSE / PERMISO DE CONDUCCIÓN 2e1 NOME E SOBRENOME HABILITAÇAO Olivia Nunes 3 DATA, LOCAL € UF DE NASCIMENTO Vou 19/04/1962 Guerra BA 4a DATA EMISSÃO 4b VALIDADE ACC 8 16/01/2021 14/01/2031 Ac DOC IDENTIDADE / ÓRG EMISSOR UF 74.815.452-4 PC CE 4d CPF 5 Nª REGISTRO 9 CAT HAB Il 610.823.947-69 95067829973 NACIONALIDADE BRASILEIRO(A) 8 FILIAÇAO ; ; Francisco Fogaca 2 Yasmin Costa p 8 ~Oliuia Munes",82,0,0
legiv_cnh_085.jpg,43.0,922.0,55.0,55.0,2.8,28.7,0.18,0.15,0,216.67,221.67,166.0,; ! g ; 5 5 @ 9 1 Kua { 1 9 4 8 9 * | 1 # 1 | 1 0 8 4 Ju ~ 8 KL H8 8 ; HL W 4 8 1 ~ 1 006799756,41,0,0
legiv_cnh_086.jpg,288.0,464.0,225.0,225.0,0.42,3.67,0.07,0.2,0,231.33,231.0,235.67,RERÚBEICAFEDERATEN8 BRASE usienioibos ta4usRoane 9e9ee7aauwacisuayBesRansiroa carteiRa NACIONAL DE KABILITAÇÁO / DRIER LICENSE / PERMISO DE CONDUCCIÓn 20 ( NOME 5 SoBRENOME 8n Sra Leticio Oliveira Cioata LucalBufDF NASGMENTo [26/09/1078 Voaconcalog dús 40 Uah Chsahn 40 VAUUAOL Auo 01/95/2022 94/96/20*2 Ac DO6 AOENTI ADE ) @R(; [ MISSOR ! {JF 19.515.604 Ipf 4 PuCPF 5 N' WEGISTkG cat NAE 025.437 681-90 91886224289 NaCioNALiOf0r BRASILEIROIA) ; 1 Lauiz Ouciovo Vioiro Mario Flor Llma @ Pedr0: Balicia,74,0,0
legiv_cnh_087.jpg,274.0,454.0,254.0,254.0,2.2,39.61,0.06,1.31,0,222.0,217.33,162.33,"RERÚBLICAFEDERÁTIVANDO BRASIZ Mrvis TERIS DOS TRAnSEXRTES } SECRETARLASNACIONASIDESTRaNsITO CARTEIRA NACIONAL DE HABILITAÇÁO / DRIVER LICENSE / PERMISO DE CONDUCCIÓN 2e1 NOME E SOBRENOME HABILITAÇAO Dr. Luiz Felipe da Cunha  DATA, LOCAL € UF DE NASCIMENTO You 21/09/1964 Ramos Alegre MS 4a DATA EMISSÃO 4b VALIDADE ACC 8 30/09/2019 27/09/2029 Ac DOC IDENTIDADE / ÓRG EMISSOR UF 94.656.728-9 DETRANO 4d CPF 5 Nª REGISTRO 9 CAT HAB Il 394.275.860-10 22075187832 NACIONALIDADE BRASILEIRO(A) 8 FILIAÇAO ; : Dr Eduardo da Mata 2 Srta. Julia Novaes p 3 8v Jelipe da Cunha Juir",90,0,0
legiv_cnh_088.jpg,276.0,458.0,241.0,241.0,0.44,8.59,0.0,0.11,0,249.67,240.0,151.67,BERÚBLICAFEDERATIVANDOBRASI MINISTEFIE DoSTRALSEBRES 32 s5cr5tazlasnACINNAS DESTRaNsITO carteira nacional de HABILITAÇiO / DRIVER LICENSE / PERMISO DE CONDUCCIÓN 2e 1 NOME E SOBRENOME HABILITAÇAO Emanuelly Camara 3 DATA LOCAL EUF DE NASCIMENTO Voue 14/02/1994 Dias de da Paz 4a DATA EMISSIO 4b VALIDADE ACC 9 08/05/2019 05/05/2029 Ac DOC IDENTIDADE / ÓRG EMISSOR UF 59.877.264-6 SSP RS 4d CPF 5 Nª REGISTRO 9 CAT HAB 572.103.984-14 33000759464 9 NACIONALIDADE BRASILEIRO(A) ; 1 Jose ose Postor Maria Vitoria Almeida 1 Emanuelly Camana,80,0,0
legiv_cnh_089.jpg,747.0,336.0,34.0,34.0,6.63,31.33,2.37,3.83,0,205.33,202.0,169.33,VALIDA EM TODOOTERRITORIO NACIONALY 2952662900 1 { ~ [ 1 Je M 1 M 1 1 6 8/ H 8 1 8 g 8 ; 8 1 1 | 1 1 8 ; ? 5 3 8 8 9 1 8 '| 4 8 3 8 1 Ke 5 1 2 = 8 1 Je Í,56,0,0
legiv_cnh_090.jpg,,,,,2.88,23.33,0.72,0.04,0,222.0,217.67,159.67,2 11 g 5 5 8 2 5 1 1 1 9 1 % 1 I @ 8 8 1 8 1 1 1 0 8 8 | 1 9 1 9 4 8u 0 ; H 9 1 1 ; H W 1 9 1l 1 N 0067997967 Lwnoi?vn oià04188010õ9o7w? vainva 8,53,0,0
legiv_cnh_091.jpg,253.0,505.0,241.0,241.0,2.55,8.91,0.0,0.07,0,216.33,221.0,153.0,"RERÚBLICAFEDERATIVA DO BRASIZ Mrnusterlg Dos TRans5oRtese SECRETArIAsnAcIonAL PETRAnsiTo CARTEIRA NACIONAL DE HABILITAÇRO / DRIVER LICENSE / PeRMISO DE ConDuCC 2 € 1 Nome € sobrenome- Vitorio d0 K6so 16 Maeilicko JDATa LOCaL E UF De Mascimento 14/00/1981 Cornss De 4 Daia Emiscko 46 Validkoe KCC 24/00/2022 21/05/2042 AcDoC identidkoe / OkC EmigCor /UF 87,446,914*7 4 CPf 6ukeciciko CaT H 846,681807=70 79526879748 MaCIOMAUIOADE BRASILEIRO(A) Filvcko 9 Isoqus Pofciro Morlano colss 1 9",71,0,0
legiv_cnh_092.jpg,73.0,1120.0,52.0,52.0,1.61,16.54,0.15,0.01,0,221.0,216.67,154.0,"11 8 5 5 0 1 1 1 18 5 1 8 ü ; 8 9 1 8 8 | | 1 8 1 M1 1 , 5 9 Jubke :i 8 ; | 1 W 1 1 ~ 0068997967 L7vnoi?vn oià041*831%o9o7wa vài7va",43,0,0
legiv_cnh_093.jpg,287.0,463.0,227.0,227.0,2.38,41.33,0.06,2.35,0,219.33,217.33,90.33,"RERÚBLICAFEDERÁTIVANDO BRASIZ Mrvis TERIS DOS TRAnSEXRTES } SECRETARLASNACIONASIDESTRaNsITO CARTEIRA NACIONAL DE HABILITAÇÁO / DRIVER LICENSE / PERMISO DE CONDUCCIÓN 2e1 NOME E SOBRENOME HABILITAÇAO Luigi Viana  DATA, LOCAL € UF DE NASCIMENTO You 05/04/1973 da Costa SP 4a DATA EMISSÃO 4b VALIDADE ACC 8 04/04/2024 02/04/2034 Ac DOC IDENTIDADE / ÓRG EMISSOR UF 68.142.714-4 PC SC 4d CPF 5 Nª REGISTRO 9 CAT HAB Il 087.619.452-85 57127855515 NACIONALIDADE BRASILEIRO(A) 8 FILIAÇAO ; : Eduardo Goncalves 2 Srta. Livia Novaes p 3 Uiana ~2uigi",83,0,0
legiv_cnh_094.jpg,291.0,468.0,220.0,220.0,3.08,41.88,0.06,1.33,0,220.67,217.33,90.33,"RERÚBLICAFEDERÁTIVANDO BRASIZ Mrvis TERIS DOS TRAnSEXRTES } SECRETARLASNACIONASIDESTRaNsITO CARTEIRA NACIONAL DE HABILITAÇÁO / DRIVER LICENSE / PERMISO DE CONDUCCIÓN 2e1 NOME € SOBRENOME HABILITAÇAO Maria Alice Ferreira  DATA, LOCAL € UF DE NASCIMENTO You 23/10/1990 Pimenta AP 4a DATA EMISSIO 4b VALIDADE ACC 8 25/01/2023 22/01/2033 Ac DOC IDENTIDADE / ÓRG EMISSOR UF 52.433.824-3 IFP MS 4d CPF 5 Nª REGISTRO 9 CAT HAB 075.439.812-97 89156398892 8 1 1 BRASILEIRO(A) FILIAÇAO ; Leandro da Mata 2 Alexia Souza p 3 Mlania Alice Fenneina",83,0,0
legiv_cnh_095.jpg,,,,,2.92,20.37,0.04,0.72,0,217.33,222.0,166.67,"VALIDA EM ToDo o TERRITORIO NACIONAL / 2952662900 ~ F 9 { 1 [ , M 1 M 1 "" 1 HI 8 7n 5 8i 11 | 8 1 8n 4 8 ª 7 8 8 3 1| [ 5 HH 8ee 9 = 8 ; Je 4",49,0,0
legiv_cnh_096.jpg,747.0,118.0,279.0,279.0,1.62,12.19,0.1,0.37,0,220.0,218.33,221.0,J0ic0d Vuexeh DJJe A 0841 22 1 86v03871818 0o*659*8z0 UvH Ev2 24992445 Udorr ass 0-588 SZ: '85 4n/%osSWW? Du0 a0ttisu 2003 725z/50/81 7z6z756/iz aqviiva 9 v2na? oJDdQUv QP Zn) pP çs6s/89/11 oinanhosuw 30 46320901vivu ! 04/94109 Naxgosawour92 300n02 70 osww}a / 3581297838/80 OVOhIIIYH J0 ?NOIYN Ylixy) Fonnsiygnaasugamiuitzausss 9598484191 ssgiouestadi usvggodniusdasoniensgg ZY{ Ul^ªX,52,0,0
legiv_cnh_097.jpg,298.0,476.0,208.0,208.0,1.93,34.22,0.0,0.89,0,207.0,204.0,164.33,"RERÚBLICAFEDERÁTIVANDOSBRASIZ MrniSTERIC DOSTRAnSPSRTES 3 SECRETARLASNACIONASIDESTRaNsITO CARTEIRA NACIONAL DE HABILITAÇÁO / DRIVER LICENSE / PERMISO DE CONDUCCIÓN 2e1 NOME E SOBRENOME HABILITAÇAO Maria Julia Martins 3 DATA, LOCAL € UF DE NASCIMENTO You 11/08/1988 Jesus da Serra SC 4a DATA EMISSÃO 4b VALIDADE ACC 8 08/03/2023 05/03/2033 Ac DOC IDENTIDADE / ÓRG EMISSOR UF 60.742.764-7 IFP PB 4d CPF 5 Nª REGISTRO 9 CAT HAB Il 850.631.742-80 96129111743 NACIONALIDADE BRASILEIRO(A) 8 FILUÇAO ; : Sr. Francisco Rios 2 Luiza Barbosa p 8 Mlania   Qulia   Mlantins",84,0,0
legiv_cnh_098.jpg,280.0,457.0,241.0,241.0,0.26,8.75,0.0,0.11,0,243.33,238.33,151.33,"RERÚBLICAFEDERATIVANDO BRASIZ MiNISTÉRRG DoSSTRANSP8R""2S SECRETARLASNACIONASIDESTRaNsITO CARTeIrA NACIONal DE HABILITAÇÁO / DRIVER LICENSE / PERMISO DE CONDUCCIÓN 2e 1 NOME E SOBRENOME HABILITAÇAO Barbara da Rocha DATA LOCAL € UF DE NASCIMENTO Vou 19/11/2003 Macedo Verde MA 4a DATA EMISSÃO 4b VALIDADE ACC 9 19/02/2018 17/02/2028 Ac DOC IDENTIDADE / ÓRG EMISSOR UF 39.383.524-6 SSP PA 4d CPF 5 Nª REGISTRO 9 CAT HAB 549.612.037-34 06478900897 1 NACIONALIDADE BRASILEIRO(A) ; 1 Samuel amual Rocho Maria Helena Marques 8 Barbana da Rocha",80,0,0
legiv_cnh_099.jpg,292.0,475.0,217.0,217.0,1.15,14.22,0.28,1.21,0,231.0,230.0,236.0,"SERúBIG4FEPERMYAE8RISME Quustrai5 5ess3149082f28 6892925025455einsiro (ARTEIRA NAcIONAL DE HABHLITAÇAO ; DRIVER LICENSE } PeRMISO DE COnDuccón 2e NOME € SOBReNOME Yan Fonseca C9BATA LOCAEE YF DE NaSCIMENTO {10/09 /1991 Moura de Goias CE 4 DATA EfasS 0 46 VaLIuAOE AcC {21/10/2016 25/10/2026 4 Doc IDENTIDAOE ORC EMiSSOR / Ut 8 [38.825,3887 DETRANO ,F FeGISTRO 9CATTAB 349.076.125-16 95593749754 Naciohalidade BRASILEIROIA) 8 1 Pearo Hanrque Marques Barbara Borges Van_Fonseca",66,0,0
legiv_cnh_100.jpg,,,,,1.96,17.2,0.72,0.04,0,221.67,217.33,155.33,2 11 g 5 5 5 1 2 1 1i 5 1 I 9 4 @ 8 8 8 8 1 1 9 8 7 1 1 1 9 4 %; Huk 1 : 1 1 8 | 1 ' g [ H W 4 9 1l ; 1 N 0067997967 Lwnoi?vn oià04188010õ9o7w? vainva ; 1,56,0,0
